{"cameraMode":{"drawMode":0,"name":"Shaded","section":"Shading Mode"},"sceneLighting":true,"audioPlay":false,"sceneViewState":{"showFog":true,"showMaterialUpdate":false,"showSkybox":true,"showFlares":true,"showImageEffects":true,"showParticleSystems":true,"showVisualEffectGraphs":true,"m_FxEnabled":true},"in2DMode":false,"pivot":{"x":1.1340053081512452,"y":11.706670761108399,"z":-36.79606628417969},"rotation":{"x":0.3770656883716583,"y":0.01945439726114273,"z":-0.007907204329967499,"w":0.9260029196739197},"size":16.606645584106447,"orthographic":false}